name,title,description,tags,contributorlocation,link
319477_106571336158111_1794963859_n.jpg,history,,"history,pakistan,jinnah",,
539264_334685933278645_838996396_n.jpg,history,,"history,pakistan,jinnah",,
484129_10150988369403305_1137413058_n.jpg,history,,"history,pakistan,jinnah",,
406364_10151045085574130_430696851_n.jpg,history,,"history,pakistan,jinnah",,
14August1947.jpg,history,,"history,pakistan,jinnah",,
942921_378580398930659_2036145911_n.jpg,history,,"history,pakistan,jinnah",,
555101_417200941649535_525457703_n.jpg,history,,"history,pakistan,jinnah",,
557151_728987240451638_982085609_n.jpg,history,,"history,pakistan,jinnah",,
998638_728987500451612_974266264_n.jpg,history,,"history,pakistan,jinnah",,
999771_728987207118308_848140195_n.jpg,history,,"history,pakistan,jinnah",,
578732_10151043774365017_1506700230_n.jpg,history,,"history,pakistan,jinnah",,
1001746_728987177118311_836400957_n.jpg,history,,"history,pakistan,jinnah",,
1150795_728987327118296_1016704250_n.jpg,history,,"history,pakistan,jinnah",,
1173786_728987543784941_1981601247_n.jpg,history,,"history,pakistan,jinnah",,
1016169_728987460451616_450829937_n.jpg,history,,"history,pakistan,jinnah",,
1176340_728987597118269_1132142199_n.jpg,history,,"history,pakistan,jinnah",,
1184803_728986943785001_1571106668_n.jpg,history,,"history,pakistan,jinnah",,
1185236_468610836571001_1503119075_n.jpg,history,,"history,pakistan,jinnah",,
1208935_728987680451594_1397894002_n.jpg,history,,"history,pakistan,jinnah",,
1231209_728987423784953_1612660383_n.jpg,history,,"history,pakistan,jinnah",,
1229837_728986980451664_1841892015_n.jpg,history,,"history,pakistan,jinnah",,
1234766_728987697118259_773840827_n.jpg,history,,"history,pakistan,jinnah",,
1234774_728987397118289_331377672_n.jpg,history,,"history,pakistan,jinnah",,
1238904_728987590451603_2111170769_n.jpg,history,,"history,pakistan,jinnah",,
1238889_728987400451622_13376969_n.jpg,history,,"history,pakistan,jinnah",,
1235129_728987153784980_429158313_n.jpg,history,,"history,pakistan,jinnah",,
1235966_728987137118315_2098186170_n.png,history,,"history,pakistan,jinnah",,
1239743_728987503784945_1131825248_n.jpg,history,,"history,pakistan,jinnah",,
1240051_728986983784997_2043337457_n.jpg,history,,"history,pakistan,jinnah",,
1380295_606452102744595_390539779_n.jpg,history,,"history,pakistan,jinnah",,
1505281_597774400278230_1688076786_n.jpg,history,,"history,pakistan,jinnah",,
1913284_1055406591155134_8650076989174491101_o.jpg,history,,"history,pakistan,jinnah",,
10547593_10152227236900868_2076704629641507843_n.jpg,history,,"history,pakistan,jinnah",,
10548742_968893919794301_1811852254330825532_o.jpg,history,,"history,pakistan,jinnah",,
10570346_576401689138686_7880751299217464441_n.jpg,history,,"history,pakistan,jinnah",,
11094757_10153718081978974_3322730291760465382_n.jpg,history,,"history,pakistan,jinnah",,
11169619_1055405157821944_3025245737085118151_o.jpg,history,,"history,pakistan,jinnah",,
11855409_10204670008805852_1455845378_n.jpg,history,,"history,pakistan,jinnah",,
11194457_1055405151155278_6210456476184703572_o.jpg,history,,"history,pakistan,jinnah",,
11902434_888740791218476_1318390719284183969_n.jpg,history,,"history,pakistan,jinnah",,
11855721_10153414403952931_587049197593831918_n.jpg,history,,"history,pakistan,jinnah",,
IMG_0222.PNG,history,,"history,pakistan,jinnah",,
DawnNews.jpg,history,,"history,pakistan,jinnah",,
IMG_0250.JPG,history,,"history,pakistan,jinnah",,
IMG_0252.JPG,history,,"history,pakistan,jinnah",,
IMG_0253.JPG,history,,"history,pakistan,jinnah",,
IMG_44020300448112.jpeg,history,,"history,pakistan,jinnah",,
IMG_150013764609600.jpeg,history,,"history,pakistan,jinnah",,
jinnah.jpg,history,,"history,pakistan,jinnah",,
Quaid-e-Azam.jpg,history,,"history,pakistan,jinnah",,
Quaid.jpg,history,,"history,pakistan,jinnah",,
"This is how the American ambassador met Sir Jinnah.jpg",history,,"history,pakistan,jinnah",,
319477_106571336158111_1794963859_n.jpg,history,,"history,pakistan,jinnah",,
539264_334685933278645_838996396_n.jpg,history,,"history,pakistan,jinnah",,
484129_10150988369403305_1137413058_n.jpg,history,,"history,pakistan,jinnah",,
406364_10151045085574130_430696851_n.jpg,history,,"history,pakistan,jinnah",,
14August1947.jpg,history,,"history,pakistan,jinnah",,
942921_378580398930659_2036145911_n.jpg,history,,"history,pakistan,jinnah",,
555101_417200941649535_525457703_n.jpg,history,,"history,pakistan,jinnah",,
557151_728987240451638_982085609_n.jpg,history,,"history,pakistan,jinnah",,
998638_728987500451612_974266264_n.jpg,history,,"history,pakistan,jinnah",,
999771_728987207118308_848140195_n.jpg,history,,"history,pakistan,jinnah",,
578732_10151043774365017_1506700230_n.jpg,history,,"history,pakistan,jinnah",,
1001746_728987177118311_836400957_n.jpg,history,,"history,pakistan,jinnah",,
1150795_728987327118296_1016704250_n.jpg,history,,"history,pakistan,jinnah",,
1173786_728987543784941_1981601247_n.jpg,history,,"history,pakistan,jinnah",,
1016169_728987460451616_450829937_n.jpg,history,,"history,pakistan,jinnah",,
1176340_728987597118269_1132142199_n.jpg,history,,"history,pakistan,jinnah",,
1184803_728986943785001_1571106668_n.jpg,history,,"history,pakistan,jinnah",,
1185236_468610836571001_1503119075_n.jpg,history,,"history,pakistan,jinnah",,
1208935_728987680451594_1397894002_n.jpg,history,,"history,pakistan,jinnah",,
1234766_728987697118259_773840827_n.jpg,history,,"history,pakistan,jinnah",,
1234774_728987397118289_331377672_n.jpg,history,,"history,pakistan,jinnah",,
1229837_728986980451664_1841892015_n.jpg,history,,"history,pakistan,jinnah",,
1231209_728987423784953_1612660383_n.jpg,history,,"history,pakistan,jinnah",,
1238904_728987590451603_2111170769_n.jpg,history,,"history,pakistan,jinnah",,
1238889_728987400451622_13376969_n.jpg,history,,"history,pakistan,jinnah",,
1235129_728987153784980_429158313_n.jpg,history,,"history,pakistan,jinnah",,
1235966_728987137118315_2098186170_n.png,history,,"history,pakistan,jinnah",,
1239743_728987503784945_1131825248_n.jpg,history,,"history,pakistan,jinnah",,
1240051_728986983784997_2043337457_n.jpg,history,,"history,pakistan,jinnah",,
1380295_606452102744595_390539779_n.jpg,history,,"history,pakistan,jinnah",,
1505281_597774400278230_1688076786_n.jpg,history,,"history,pakistan,jinnah",,
1913284_1055406591155134_8650076989174491101_o.jpg,history,,"history,pakistan,jinnah",,
10547593_10152227236900868_2076704629641507843_n.jpg,history,,"history,pakistan,jinnah",,
10548742_968893919794301_1811852254330825532_o.jpg,history,,"history,pakistan,jinnah",,
10570346_576401689138686_7880751299217464441_n.jpg,history,,"history,pakistan,jinnah",,
11094757_10153718081978974_3322730291760465382_n.jpg,history,,"history,pakistan,jinnah",,
11169619_1055405157821944_3025245737085118151_o.jpg,history,,"history,pakistan,jinnah",,
11855409_10204670008805852_1455845378_n.jpg,history,,"history,pakistan,jinnah",,
11194457_1055405151155278_6210456476184703572_o.jpg,history,,"history,pakistan,jinnah",,
11902434_888740791218476_1318390719284183969_n.jpg,history,,"history,pakistan,jinnah",,
11855721_10153414403952931_587049197593831918_n.jpg,history,,"history,pakistan,jinnah",,
IMG_0222.PNG,history,,"history,pakistan,jinnah",,
IMG_0250.JPG,history,,"history,pakistan,jinnah",,
DawnNews.jpg,history,,"history,pakistan,jinnah",,
IMG_0252.JPG,history,,"history,pakistan,jinnah",,
IMG_0253.JPG,history,,"history,pakistan,jinnah",,
IMG_44020300448112.jpeg,history,,"history,pakistan,jinnah",,
IMG_150013764609600.jpeg,history,,"history,pakistan,jinnah",,
jinnah.jpg,history,,"history,pakistan,jinnah",,
Quaid-e-Azam.jpg,history,,"history,pakistan,jinnah",,
Quaid.jpg,history,,"history,pakistan,jinnah",,
"This is how the American ambassador met Sir Jinnah.jpg",history,,"history,pakistan,jinnah",,
319477_106571336158111_1794963859_n.jpg,history,,"history,pakistan,jinnah",,
539264_334685933278645_838996396_n.jpg,history,,"history,pakistan,jinnah",,
484129_10150988369403305_1137413058_n.jpg,history,,"history,pakistan,jinnah",,
406364_10151045085574130_430696851_n.jpg,history,,"history,pakistan,jinnah",,
14August1947.jpg,history,,"history,pakistan,jinnah",,
557151_728987240451638_982085609_n.jpg,history,,"history,pakistan,jinnah",,
942921_378580398930659_2036145911_n.jpg,history,,"history,pakistan,jinnah",,
555101_417200941649535_525457703_n.jpg,history,,"history,pakistan,jinnah",,
999771_728987207118308_848140195_n.jpg,history,,"history,pakistan,jinnah",,
998638_728987500451612_974266264_n.jpg,history,,"history,pakistan,jinnah",,
578732_10151043774365017_1506700230_n.jpg,history,,"history,pakistan,jinnah",,
1001746_728987177118311_836400957_n.jpg,history,,"history,pakistan,jinnah",,
1150795_728987327118296_1016704250_n.jpg,history,,"history,pakistan,jinnah",,
1016169_728987460451616_450829937_n.jpg,history,,"history,pakistan,jinnah",,
1173786_728987543784941_1981601247_n.jpg,history,,"history,pakistan,jinnah",,
1176340_728987597118269_1132142199_n.jpg,history,,"history,pakistan,jinnah",,
1184803_728986943785001_1571106668_n.jpg,history,,"history,pakistan,jinnah",,
1208935_728987680451594_1397894002_n.jpg,history,,"history,pakistan,jinnah",,
1185236_468610836571001_1503119075_n.jpg,history,,"history,pakistan,jinnah",,
1231209_728987423784953_1612660383_n.jpg,history,,"history,pakistan,jinnah",,
1229837_728986980451664_1841892015_n.jpg,history,,"history,pakistan,jinnah",,
1234766_728987697118259_773840827_n.jpg,history,,"history,pakistan,jinnah",,
1234774_728987397118289_331377672_n.jpg,history,,"history,pakistan,jinnah",,
1238904_728987590451603_2111170769_n.jpg,history,,"history,pakistan,jinnah",,
1238889_728987400451622_13376969_n.jpg,history,,"history,pakistan,jinnah",,
1235129_728987153784980_429158313_n.jpg,history,,"history,pakistan,jinnah",,
1235966_728987137118315_2098186170_n.png,history,,"history,pakistan,jinnah",,
1239743_728987503784945_1131825248_n.jpg,history,,"history,pakistan,jinnah",,
1240051_728986983784997_2043337457_n.jpg,history,,"history,pakistan,jinnah",,
1380295_606452102744595_390539779_n.jpg,history,,"history,pakistan,jinnah",,
1505281_597774400278230_1688076786_n.jpg,history,,"history,pakistan,jinnah",,
1913284_1055406591155134_8650076989174491101_o.jpg,history,,"history,pakistan,jinnah",,
10547593_10152227236900868_2076704629641507843_n.jpg,history,,"history,pakistan,jinnah",,
10548742_968893919794301_1811852254330825532_o.jpg,history,,"history,pakistan,jinnah",,
10570346_576401689138686_7880751299217464441_n.jpg,history,,"history,pakistan,jinnah",,
11094757_10153718081978974_3322730291760465382_n.jpg,history,,"history,pakistan,jinnah",,
11169619_1055405157821944_3025245737085118151_o.jpg,history,,"history,pakistan,jinnah",,
11194457_1055405151155278_6210456476184703572_o.jpg,history,,"history,pakistan,jinnah",,
11855409_10204670008805852_1455845378_n.jpg,history,,"history,pakistan,jinnah",,
11902434_888740791218476_1318390719284183969_n.jpg,history,,"history,pakistan,jinnah",,
11855721_10153414403952931_587049197593831918_n.jpg,history,,"history,pakistan,jinnah",,
IMG_0222.PNG,history,,"history,pakistan,jinnah",,
DawnNews.jpg,history,,"history,pakistan,jinnah",,
IMG_0250.JPG,history,,"history,pakistan,jinnah",,
IMG_0252.JPG,history,,"history,pakistan,jinnah",,
IMG_0253.JPG,history,,"history,pakistan,jinnah",,
IMG_44020300448112.jpeg,history,,"history,pakistan,jinnah",,
IMG_150013764609600.jpeg,history,,"history,pakistan,jinnah",,
jinnah.jpg,history,,"history,pakistan,jinnah",,
Quaid-e-Azam.jpg,history,,"history,pakistan,jinnah",,
Quaid.jpg,history,,"history,pakistan,jinnah",,
"This is how the American ambassador met Sir Jinnah.jpg",history,,"history,pakistan,jinnah",,
